﻿<?xml version="1.0" encoding="utf-8"?>
<dict>
	<key>Library</key><string>http://trial.3dissue.com/v6/20140606100958723_53510/fotos/files/data/library.xml</string>
	<key>Publication</key><string>fotos</string>
	<key>Issue</key><string>fotos</string>
</dict>
<!--***************************************************************************************************************************************************************************************************************************************************************************************************************************************************************************************************************************************************************************************************************************************************************************************************************************************************************************************************************************************************************************************************************************************************************************************************************************************************************************************************************************************************************************************************************************************************************************************************************************************************************************************************************************************************************************************************************************************************************************************************************************************************************************************************************************************************************************************************************************************************************************************************************************************************************************************************************************************************************************************************************************************************************************************************************************************************************************************************************************************************************************************************************************************************************************************************************************************************************************************************************************************************************************************************************************************************************************************************************************************************************************************************************************************************************************************************************-->